{"cameraMode":{"drawMode":0,"name":"Shaded","section":"Shading Mode"},"sceneLighting":true,"audioPlay":false,"sceneViewState":{"showFog":true,"showMaterialUpdate":false,"showSkybox":true,"showFlares":true,"showImageEffects":true,"showParticleSystems":true,"showVisualEffectGraphs":true,"m_FxEnabled":true},"in2DMode":false,"pivot":{"x":-1.5879158973693848,"y":5.072601318359375,"z":-19.631685256958009},"rotation":{"x":0.1140487790107727,"y":-0.014593272469937802,"z":0.0016728165792301298,"w":0.993371307849884},"size":3.787945508956909,"orthographic":false}